ì˙,êVãKä¥êıé“êî(ëSê¢äE)
2020/3/1,2378
2020/3/2,1979
2020/3/3,2601
2020/3/4,2302
2020/3/5,2818
2020/3/6,3916
2020/3/7,4097
2020/3/8,3938
2020/3/9,4179
2020/3/10,4825
2020/3/11,7662
2020/3/12,5802
2020/3/13,14356
2020/3/14,11099
2020/3/15,11277
2020/3/16,14785
2020/3/17,16003
2020/3/18,19556
2020/3/19,27108
2020/3/20,30876
2020/3/21,32142
2020/3/22,35107
2020/3/23,42661
2020/3/24,41085
2020/3/25,51089
2020/3/26,62862
2020/3/27,64910
2020/3/28,69665
2020/3/29,56900
2020/3/30,65279
